{"schemaVersion":"1.0","appDefinitionTemplate":{"id":"/providers/Microsoft.PowerApps/apps/","type":"Microsoft.PowerApps/apps","tags":{"primaryDeviceWidth":"640","primaryDeviceHeight":"1136","sienaVersion":"20211111T233814Z-3.21102.25.0","deviceCapabilities":"","supportsPortrait":"true","supportsLandscape":"true","primaryFormFactor":"Phone","publisherVersion":"3.21102.25","minimumRequiredApiVersion":"2.2.0","hasComponent":"false","hasUnlockedComponent":"false","isUnifiedRootApp":"false"},"properties":{"appVersion":"2021-11-11T23:38:14Z","lifeCycleId":"Published","createdByClientVersion":{"major":3,"minor":21102,"build":25,"revision":0,"majorRevision":0,"minorRevision":0},"minClientVersion":{"major":3,"minor":21102,"build":25,"revision":0,"majorRevision":0,"minorRevision":0},"backgroundColor":"rgba(0, 0, 0, 1)","backgroundImageUri":"/13171480297632274727/N44afa0c3-6d88-415b-a5b3-a5ec117b10eb-logoSmallFile","displayName":"IotSandbox-Telemetry Reason Code","description":"","commitMessage":"","appUris":{"documentUri":{"value":"/13171480297632274727/Nd75b8190-df11-42a1-97be-984f68363e62-document.msapp"},"imageUris":[]},"createdTime":"0001-01-01T00:00:00Z","lastModifiedTime":"0001-01-01T00:00:00Z","sharedGroupsCount":0,"sharedUsersCount":0,"icons":{"smallIconUri":"/13171480297632274727/Nce3d55db-53e1-4d36-8c3e-aa47dfc1cd9a-small.png","mediumIconUri":"/13171480297632274727/N09fdb4d6-c33f-456d-84cc-a3fff89c2160-medium.png","largeIconUri":"/13171480297632274727/N0b7e76a8-73e5-438a-ba56-dc6f8276f820-large.png","wideIconUri":"/13171480297632274727/Nf0bc6fda-6c45-4ed3-839d-2352f1452b8f-wide.png"},"connectionReferences":{"da381041-b454-4150-a07a-5eb5d93c6338":{"id":"777e00e6-574a-4ca2-9931-3f3978a0669d","displayName":"SQL Server","iconUri":"https://connectoricons-prod.azureedge.net/releases/v1.0.1534/1.0.1534.2605/sql/icon.png","dataSources":["[dbo].[Telemetry]"],"dependencies":[],"dependents":[],"parameterHints":{},"parameterHintsV2":{},"isOnPremiseConnection":false,"sharedConnectionId":"1a9a2e8b-a2ef-473f-820a-850f125072b4","bypassConsent":false,"dataSets":{"jobender.database.windows.net,IoT":{"dataSources":{"[dbo].[Telemetry]":{"tableName":"[dbo].[Telemetry]"}}}},"apiTier":"Premium","isCustomApiConnection":false,"authenticationType":"sqlAuthentication","actions":["providers/PowerPlatform.Governance/Operations/Read","providers/PowerPlatform.Governance/Operations/Write","providers/PowerPlatform.Governance/Operations/Delete"],"endpoints":["jobender.database.windows.net,IoT"]}},"databaseReferences":{},"almMode":"Environment","performanceOptimizationEnabled":true,"canConsumeAppPass":true,"executionRestrictions":{"isTeamsOnly":false,"dataLossPreventionEvaluationResult":{"status":"Compliant","lastEvaluationDate":"2021-11-11T21:11:54.7653938Z","violations":[],"violationsByPolicy":[],"violationErrorMessage":"The app uses the following connectors: shared_sql."}}},"appType":"ClassicCanvasApp","appComponents":[]}}